{
  "global_travel_time": {
    "count": 4053,
    "mean_s": 153.77646188008882,
    "std_s": 187.19465010516436,
    "median_s": 98.0,
    "p90_s": 352.0,
    "min_s": 12.0,
    "max_s": 1704.0
  },
  "per_mode_travel_time": {
    "bicycle": {
      "count": 1859,
      "mean_s": 175.74717590102205,
      "std_s": 125.4734919737935,
      "median_s": 123.0,
      "p90_s": 338.20000000000005,
      "min_s": 58.0,
      "max_s": 1058.0
    },
    "bus": {
      "count": 76,
      "mean_s": 45.03947368421053,
      "std_s": 45.442398701245864,
      "median_s": 32.0,
      "p90_s": 91.0,
      "min_s": 12.0,
      "max_s": 338.0
    },
    "passenger": {
      "count": 2118,
      "mean_s": 138.39423984891408,
      "std_s": 228.20807666638905,
      "median_s": 49.5,
      "p90_s": 394.29999999999995,
      "min_s": 12.0,
      "max_s": 1704.0
    }
  },
  "global_waiting_time": {
    "count": 4053,
    "total_s": 299070.0,
    "mean_s": 73.78978534418948,
    "median_s": 23.0,
    "p90_s": 188.0,
    "min_s": 0.0,
    "max_s": 1399.0
  },
  "per_mode_waiting_time": {
    "bicycle": {
      "total_s": 113906.0,
      "count": 1859,
      "mean_s": 61.27272727272727,
      "median_s": 30.0,
      "p90_s": 139.0,
      "min_s": 0.0,
      "max_s": 825.0
    },
    "bus": {
      "total_s": 1491.0,
      "count": 76,
      "mean_s": 19.61842105263158,
      "median_s": 10.0,
      "p90_s": 47.0,
      "min_s": 0.0,
      "max_s": 284.0
    },
    "passenger": {
      "total_s": 183673.0,
      "count": 2118,
      "mean_s": 86.72001888574127,
      "median_s": 17.0,
      "p90_s": 277.89999999999986,
      "min_s": 0.0,
      "max_s": 1399.0
    }
  },
  "throughput": {
    "total_count": 4053,
    "total_vph": 4168.8,
    "per_mode": {
      "bicycle": {
        "count": 1859,
        "vph": 1912.1142857142856
      },
      "bus": {
        "count": 76,
        "vph": 78.17142857142858
      },
      "passenger": {
        "count": 2118,
        "vph": 2178.5142857142855
      }
    }
  },
  "stops": {
    "stopped_vehicles": 3559,
    "stop_rate_fraction": 0.8781149765605725,
    "per_mode": {
      "bus": {
        "stopped_count": 55,
        "stopped_fraction": 0.7236842105263158
      },
      "bicycle": {
        "stopped_count": 1746,
        "stopped_fraction": 0.9392146315223239
      },
      "passenger": {
        "stopped_count": 1758,
        "stopped_fraction": 0.830028328611898
      }
    }
  },
  "emissions": {
    "total_co2_g": 5621880.049999995,
    "total_fuel_l": 1819798.3400000092,
    "per_mode": {
      "bicycle": {
        "co2": 0.0,
        "fuel": 0.0,
        "count": 1859
      },
      "bus": {
        "co2": 970812.2100000003,
        "fuel": 311981.9600000001,
        "count": 76
      },
      "passenger": {
        "co2": 4651067.839999995,
        "fuel": 1507816.380000005,
        "count": 1965
      }
    }
  }
}