{
  "global_travel_time": {
    "count": 4338,
    "mean_s": 140.55002305209774,
    "std_s": 180.48472950721407,
    "median_s": 88.0,
    "p90_s": 275.0,
    "min_s": 12.0,
    "max_s": 2006.0,
    "mean_s_per_person": 118.42651376655034
  },
  "per_mode_travel_time": {
    "bus": {
      "count": 79,
      "mean_s": 64.62025316455696,
      "std_s": 85.32518642177462,
      "median_s": 26.0,
      "p90_s": 184.4,
      "min_s": 12.0,
      "max_s": 406.0
    },
    "bicycle": {
      "count": 1793,
      "mean_s": 165.89459007250417,
      "std_s": 153.77571668362887,
      "median_s": 122.0,
      "p90_s": 272.0,
      "min_s": 54.0,
      "max_s": 1499.0
    },
    "passenger": {
      "count": 2466,
      "mean_s": 124.55474452554745,
      "std_s": 197.40503184448445,
      "median_s": 62.0,
      "p90_s": 280.0,
      "min_s": 12.0,
      "max_s": 2006.0
    }
  },
  "global_waiting_time": {
    "count": 4338,
    "total_s": 339073.0,
    "mean_s": 78.16343937298294,
    "median_s": 31.0,
    "p90_s": 172.0,
    "min_s": 0.0,
    "max_s": 1824.0,
    "mean_s_per_person": 69.05969198382361
  },
  "per_mode_waiting_time": {
    "bus": {
      "total_s": 3210.0,
      "count": 79,
      "mean_s": 40.63291139240506,
      "median_s": 3.0,
      "p90_s": 134.80000000000004,
      "min_s": 0.0,
      "max_s": 332.0
    },
    "bicycle": {
      "total_s": 129549.0,
      "count": 1793,
      "mean_s": 72.2526491912995,
      "median_s": 35.0,
      "p90_s": 155.0,
      "min_s": 0.0,
      "max_s": 1349.0
    },
    "passenger": {
      "total_s": 206314.0,
      "count": 2466,
      "mean_s": 83.66342254663422,
      "median_s": 29.0,
      "p90_s": 202.0,
      "min_s": 0.0,
      "max_s": 1824.0
    }
  },
  "throughput": {
    "total_count": 4338,
    "total_vph": 4461.942857142857,
    "per_mode": {
      "bus": {
        "count": 79,
        "vph": 81.25714285714285
      },
      "bicycle": {
        "count": 1793,
        "vph": 1844.2285714285715
      },
      "passenger": {
        "count": 2466,
        "vph": 2536.457142857143
      }
    }
  },
  "stops": {
    "stopped_vehicles": 3381,
    "stop_rate_fraction": 0.7793914246196404,
    "per_mode": {
      "bicycle": {
        "stopped_count": 1391,
        "stopped_fraction": 0.7757947573898494
      },
      "bus": {
        "stopped_count": 48,
        "stopped_fraction": 0.6075949367088608
      },
      "passenger": {
        "stopped_count": 1942,
        "stopped_fraction": 0.7875101378751014
      }
    }
  },
  "emissions": {
    "total_co2_g": 6775220.919999993,
    "total_fuel_l": 2193633.3600000106,
    "per_mode": {
      "passenger": {
        "co2": 5781921.22999999,
        "fuel": 1874423.8900000083,
        "count": 2344
      },
      "bicycle": {
        "co2": 0.0,
        "fuel": 0.0,
        "count": 1793
      },
      "bus": {
        "co2": 993299.6899999998,
        "fuel": 319209.47000000003,
        "count": 79
      }
    },
    "total_co2_g_per_person": 938.3442634757064,
    "total_fuel_l_per_person": 303.8105035732104
  }
}