{
  "global_travel_time": {
    "count": 4161,
    "mean_s": 150.21965873588078,
    "std_s": 176.5607472917983,
    "median_s": 109.0,
    "p90_s": 306.0,
    "min_s": 12.0,
    "max_s": 1652.0
  },
  "per_mode_travel_time": {
    "bus": {
      "count": 82,
      "mean_s": 50.6219512195122,
      "std_s": 73.26424613716026,
      "median_s": 14.0,
      "p90_s": 75.80000000000001,
      "min_s": 12.0,
      "max_s": 342.0
    },
    "bicycle": {
      "count": 1661,
      "mean_s": 209.84045755568934,
      "std_s": 157.96528078830724,
      "median_s": 167.0,
      "p90_s": 351.0,
      "min_s": 82.0,
      "max_s": 1652.0
    },
    "passenger": {
      "count": 2418,
      "mean_s": 112.64185277088502,
      "std_s": 179.25324817932,
      "median_s": 47.0,
      "p90_s": 291.60000000000036,
      "min_s": 12.0,
      "max_s": 1417.0
    }
  },
  "global_waiting_time": {
    "count": 4161,
    "total_s": 362954.0,
    "mean_s": 87.22758952174958,
    "median_s": 45.0,
    "p90_s": 210.0,
    "min_s": 0.0,
    "max_s": 1491.0
  },
  "per_mode_waiting_time": {
    "bus": {
      "total_s": 2438.0,
      "count": 82,
      "mean_s": 29.73170731707317,
      "median_s": 0.0,
      "p90_s": 44.900000000000006,
      "min_s": 0.0,
      "max_s": 305.0
    },
    "bicycle": {
      "total_s": 187010.0,
      "count": 1661,
      "mean_s": 112.58880192655027,
      "median_s": 73.0,
      "p90_s": 227.0,
      "min_s": 9.0,
      "max_s": 1491.0
    },
    "passenger": {
      "total_s": 173506.0,
      "count": 2418,
      "mean_s": 71.75599669148056,
      "median_s": 19.0,
      "p90_s": 206.0,
      "min_s": 0.0,
      "max_s": 1291.0
    }
  },
  "throughput": {
    "total_count": 4161,
    "total_vph": 4279.885714285714,
    "per_mode": {
      "bus": {
        "count": 82,
        "vph": 84.34285714285714
      },
      "bicycle": {
        "count": 1661,
        "vph": 1708.4571428571428
      },
      "passenger": {
        "count": 2418,
        "vph": 2487.0857142857144
      }
    }
  },
  "stops": {
    "stopped_vehicles": 3461,
    "stop_rate_fraction": 0.8317712088440279,
    "per_mode": {
      "bicycle": {
        "stopped_count": 1661,
        "stopped_fraction": 1.0
      },
      "passenger": {
        "stopped_count": 1766,
        "stopped_fraction": 0.7303556658395368
      },
      "bus": {
        "stopped_count": 34,
        "stopped_fraction": 0.4146341463414634
      }
    }
  },
  "emissions": {
    "total_co2_g": 6101702.89999999,
    "total_fuel_l": 1975760.7200000125,
    "per_mode": {
      "bicycle": {
        "co2": 0.0,
        "fuel": 0.0,
        "count": 1661
      },
      "passenger": {
        "co2": 5275919.66,
        "fuel": 1710385.0900000094,
        "count": 2233
      },
      "bus": {
        "co2": 825783.2400000001,
        "fuel": 265375.63,
        "count": 82
      }
    }
  }
}