{
  "timesteps": [
    100,
    200,
    300,
    400,
    500,
    600,
    700,
    800,
    900,
    1000,
    1100,
    1200,
    1300,
    1400,
    1500,
    1600,
    1700,
    1800,
    1900,
    2000,
    2100,
    2200,
    2300,
    2400,
    2500,
    2600,
    2700,
    2800,
    2900,
    3000,
    3100,
    3200,
    3300,
    3400,
    3500
  ],
  "rewards": [
    0.0,
    -11.85,
    -2.1,
    -10.2,
    -10.825,
    -6.275,
    -6.7,
    -10.675,
    -11.275,
    -18.1,
    -24.9,
    -29.65,
    -26.225,
    -34.375,
    -46.075,
    -55.1,
    -64.3,
    -75.225,
    -83.1,
    -103.95,
    -112.3,
    -96.05,
    -119.625,
    -137.15,
    -163.325,
    -190.475,
    -222.075,
    -203.5,
    -218.175,
    -224.725,
    -238.8,
    -227.775,
    -228.7,
    -251.125,
    -260.375
  ],
  "avg_rewards": [
    0.0,
    -5.925,
    -4.6499999999999995,
    -6.0375,
    -6.995,
    -6.875,
    -6.85,
    -7.328125,
    -7.7666666666666675,
    -8.8,
    -10.263636363636364,
    -11.879166666666668,
    -12.982692307692307,
    -14.510714285714286,
    -16.615,
    -19.0203125,
    -21.683823529411764,
    -24.658333333333335,
    -27.734210526315792,
    -31.544999999999998,
    -35.39047619047619,
    -38.14772727272727,
    -41.69021739130435,
    -45.66770833333334,
    -50.373999999999995,
    -55.7625,
    -61.92222222222222,
    -66.97857142857143,
    -72.19224137931033,
    -77.27666666666667,
    -82.48709677419355,
    -87.02734375,
    -91.32045454545454,
    -96.02058823529411,
    -100.71642857142857
  ],
  "epsilon": [
    1.0,
    0.8723169228300856,
    0.7507255875096883,
    0.6460827401047055,
    0.5560259487702852,
    0.47852207854336476,
    0.4118213909978211,
    0.35441804190025655,
    0.30501608505585537,
    0.262500214842289,
    0.22591058691094806,
    0.1944211486040549,
    0.16732098987206945,
    0.14399829366703606,
    0.1239265234736656,
    0.10665253614588258,
    0.09178635168254295,
    0.07899234898331771,
    0.06798168881887272,
    0.05850579295523997,
    0.05035073221616041,
    0.049974232917951,
    0.049974232917951,
    0.049974232917951,
    0.049974232917951,
    0.049974232917951,
    0.049974232917951,
    0.049974232917951,
    0.049974232917951,
    0.049974232917951,
    0.049974232917951,
    0.049974232917951,
    0.049974232917951,
    0.049974232917951,
    0.049974232917951
  ]
}