{
  "timesteps": [
    100,
    200,
    300,
    400,
    500,
    600,
    700,
    800,
    900,
    1000,
    1100,
    1200,
    1300,
    1400,
    1500,
    1600,
    1700,
    1800,
    1900,
    2000,
    2100,
    2200,
    2300,
    2400,
    2500,
    2600,
    2700,
    2800,
    2900,
    3000,
    3100,
    3200,
    3300,
    3400,
    3500
  ],
  "rewards": [
    0.0,
    -3.225,
    -4.3,
    -8.275,
    -18.775,
    -8.2,
    -12.05,
    -9.75,
    -11.3,
    -20.475,
    -26.1,
    -40.275,
    -32.6,
    -47.65,
    -34.675,
    -37.675,
    -43.225,
    -56.575,
    -75.2,
    -93.525,
    -126.65,
    -155.125,
    -164.625,
    -205.15,
    -224.7,
    -281.825,
    -310.1,
    -290.925,
    -273.125,
    -276.45,
    -274.375,
    -294.975,
    -309.325,
    -314.3,
    -337.2
  ],
  "avg_rewards": [
    0.0,
    -1.6125,
    -2.5083333333333333,
    -3.95,
    -6.914999999999999,
    -7.129166666666666,
    -7.832142857142856,
    -8.071875,
    -8.430555555555555,
    -9.635,
    -11.131818181818183,
    -13.560416666666667,
    -15.024999999999999,
    -17.35535714285714,
    -18.509999999999998,
    -19.7078125,
    -21.091176470588238,
    -23.0625,
    -25.806578947368422,
    -29.192500000000003,
    -33.833333333333336,
    -39.34659090909091,
    -44.79347826086956,
    -51.475,
    -58.403999999999996,
    -66.99711538461538,
    -76.00092592592593,
    -83.67678571428571,
    -90.20948275862068,
    -96.4175,
    -102.15806451612903,
    -108.18359375,
    -114.27878787878787,
    -120.16176470588235,
    -126.36285714285714
  ],
  "epsilon": [
    1.0,
    0.9660633174490624,
    0.9304805981969756,
    0.8962084865277501,
    0.863198709226962,
    0.8314047711129561,
    0.800781889547103,
    0.7712869313562156,
    0.7428783520782862,
    0.715516137445964,
    0.6891617470253594,
    0.6637780599307773,
    0.6393293225389274,
    0.6157810981289585,
    0.5931002183773891,
    0.5712547366396078,
    0.5502138829521439,
    0.5299480206923247,
    0.5104286048342767,
    0.4916281417424671,
    0.4735201504461621,
    0.4560791253402482,
    0.4392805002598846,
    0.4231006138783817,
    0.40751667637957095,
    0.39250673735771974,
    0.3780496548997797,
    0.36412506580641885,
    0.3507133569098945,
    0.33779563744836494,
    0.3253537124577305,
    0.3133700571435249,
    0.3018277921967593,
    0.2907106600189498,
    0.2800030018228414
  ],
  "avg_loss": [
    0.0,
    3289.665173339844,
    3531.526257324219,
    3042.80556640625,
    2910.3049255371093,
    3167.190625,
    3020.530157470703,
    3072.641461181641,
    3156.6546997070313,
    3261.915563964844,
    3741.427880859375,
    5194.194592285156,
    7986.810766601562,
    10694.61661376953,
    10833.63575439453,
    9229.243481445312,
    10673.46240234375,
    16465.30927734375,
    30659.8369140625,
    33789.221948242186,
    45430.43549804688,
    66267.79853515625,
    82467.7408203125,
    120380.776953125,
    98921.8751953125,
    107255.3115234375,
    106682.64404296875,
    141491.636328125,
    136207.06171875,
    153139.959375,
    160891.178515625,
    165826.084375,
    185896.429296875,
    177426.1203125,
    186961.615234375
  ]
}