{
  "episodes": [
    1,
    2,
    3,
    4,
    5,
    6,
    7,
    8,
    9,
    10,
    11,
    12,
    13,
    14,
    15,
    16,
    17,
    18,
    19,
    20,
    21,
    22,
    23,
    24,
    25,
    26,
    27,
    28,
    29,
    30,
    31,
    32,
    33,
    34,
    35,
    36,
    37,
    38,
    39,
    40,
    41,
    42,
    43,
    44,
    45,
    46,
    47,
    48,
    49,
    50
  ],
  "total_rewards": [
    -38259.0,
    -29058.5,
    -39233.5,
    -34065.0,
    -36045.0,
    -44614.5,
    -29486.0,
    -37332.0,
    -30763.5,
    -40897.0,
    -35282.5,
    -33815.5,
    -31933.5,
    -38447.0,
    -28114.0,
    -35314.5,
    -30271.0,
    -37732.5,
    -30785.0,
    -33543.5,
    -46291.5,
    -29128.0,
    -38875.5,
    -30659.5,
    -40415.0,
    -33554.5,
    -33098.5,
    -38411.0,
    -31081.5,
    -41110.0,
    -32878.0,
    -31272.5,
    -23339.5,
    -39153.5,
    -34759.0,
    -35526.5,
    -34971.0,
    -41996.0,
    -34516.5,
    -35519.0,
    -34602.0,
    -34571.5,
    -30516.0,
    -37938.5,
    -38511.0,
    -27276.0,
    -34483.5,
    -39984.5,
    -31088.0,
    -37365.5
  ],
  "avg_rewards": [
    -382.59,
    -290.585,
    -392.335,
    -340.65,
    -360.45,
    -446.145,
    -294.86,
    -373.32,
    -307.635,
    -408.97,
    -352.825,
    -338.155,
    -319.335,
    -384.47,
    -281.14,
    -353.145,
    -302.71,
    -377.325,
    -307.85,
    -335.435,
    -462.915,
    -291.28,
    -388.755,
    -306.595,
    -404.15,
    -335.545,
    -330.985,
    -384.11,
    -310.815,
    -411.1,
    -328.78,
    -312.725,
    -233.395,
    -391.535,
    -347.59,
    -355.265,
    -349.71,
    -419.96,
    -345.165,
    -355.19,
    -346.02,
    -345.715,
    -305.16,
    -379.385,
    -385.11,
    -272.76,
    -344.835,
    -399.845,
    -310.88,
    -373.655
  ],
  "epsilon_values": [
    1.0,
    0.97,
    0.9409,
    0.912673,
    0.8852928099999999,
    0.8587340256999999,
    0.8329720049289999,
    0.8079828447811299,
    0.783743359437696,
    0.7602310586545651,
    0.7374241268949281,
    0.7153014030880802,
    0.6938423609954378,
    0.6730270901655747,
    0.6528362774606075,
    0.6332511891367892,
    0.6142536534626856,
    0.595826043858805,
    0.5779512625430409,
    0.5606127246667496,
    0.5437943429267471,
    0.5274805126389447,
    0.5116560972597763,
    0.496306414341983,
    0.48141722191172354,
    0.4669747052543718,
    0.4529654640967406,
    0.4393765001738384,
    0.42619520516862325,
    0.4134093490135645,
    0.4010070685431576,
    0.38897685648686287,
    0.377307550792257,
    0.36598832426848926,
    0.35500867454043455,
    0.3443584143042215,
    0.3340276618750948,
    0.32400683201884195,
    0.3142866270582767,
    0.3048580282465284,
    0.2957122873991326,
    0.2868409187771586,
    0.27823569121384384,
    0.2698886204774285,
    0.26179196186310566,
    0.2539382030072125,
    0.2463200569169961,
    0.23893045520948622,
    0.23176254155320164,
    0.2248096653066056
  ]
}