{
  "global_travel_time": {
    "count": 4648,
    "mean_s": 134.71148881239242,
    "std_s": 139.7312533853982,
    "median_s": 101.0,
    "p90_s": 226.30000000000018,
    "min_s": 13.0,
    "max_s": 1313.0
  },
  "per_mode_travel_time": {
    "passenger": {
      "count": 3108,
      "mean_s": 112.87837837837837,
      "std_s": 156.87563423349263,
      "median_s": 67.0,
      "p90_s": 231.30000000000018,
      "min_s": 13.0,
      "max_s": 1313.0
    },
    "bus": {
      "count": 103,
      "mean_s": 68.10679611650485,
      "std_s": 60.58980538770195,
      "median_s": 51.0,
      "p90_s": 167.0,
      "min_s": 13.0,
      "max_s": 251.0
    },
    "bicycle": {
      "count": 1437,
      "mean_s": 186.70702853166318,
      "std_s": 74.90210571943335,
      "median_s": 174.0,
      "p90_s": 192.4000000000001,
      "min_s": 117.0,
      "max_s": 1160.0
    }
  },
  "global_waiting_time": {
    "count": 4648,
    "total_s": 362815.0,
    "mean_s": 78.05830464716007,
    "median_s": 55.0,
    "p90_s": 138.0,
    "min_s": 0.0,
    "max_s": 1220.0
  },
  "per_mode_waiting_time": {
    "passenger": {
      "total_s": 223640.0,
      "count": 3108,
      "mean_s": 71.95624195624195,
      "median_s": 37.0,
      "p90_s": 161.30000000000018,
      "min_s": 0.0,
      "max_s": 1220.0
    },
    "bus": {
      "total_s": 4373.0,
      "count": 103,
      "mean_s": 42.45631067961165,
      "median_s": 26.0,
      "p90_s": 124.39999999999999,
      "min_s": 0.0,
      "max_s": 207.0
    },
    "bicycle": {
      "total_s": 134802.0,
      "count": 1437,
      "mean_s": 93.80793319415449,
      "median_s": 82.0,
      "p90_s": 106.0,
      "min_s": 30.0,
      "max_s": 987.0
    }
  },
  "throughput": {
    "total_count": 4648,
    "total_vph": 4780.8,
    "per_mode": {
      "passenger": {
        "count": 3108,
        "vph": 3196.8
      },
      "bus": {
        "count": 103,
        "vph": 105.94285714285714
      },
      "bicycle": {
        "count": 1437,
        "vph": 1478.057142857143
      }
    }
  },
  "stops": {
    "stopped_vehicles": 4100,
    "stop_rate_fraction": 0.8820998278829604,
    "per_mode": {
      "passenger": {
        "stopped_count": 2588,
        "stopped_fraction": 0.8326898326898327
      },
      "bus": {
        "stopped_count": 75,
        "stopped_fraction": 0.7281553398058253
      },
      "bicycle": {
        "stopped_count": 1437,
        "stopped_fraction": 1.0
      }
    }
  },
  "emissions": {
    "total_co2_g": 8805762.57999998,
    "total_fuel_l": 2851336.4300000183,
    "per_mode": {
      "passenger": {
        "co2": 7610480.509999973,
        "fuel": 2467216.7900000177,
        "count": 2940
      },
      "bicycle": {
        "co2": 0.0,
        "fuel": 0.0,
        "count": 1437
      },
      "bus": {
        "co2": 1195282.0699999998,
        "fuel": 384119.64,
        "count": 103
      }
    }
  }
}