{
  "global_travel_time": {
    "count": 4691,
    "mean_s": 152.72010232359838,
    "std_s": 177.54728158349045,
    "median_s": 104.0,
    "p90_s": 325.0,
    "min_s": 12.0,
    "max_s": 1553.0
  },
  "per_mode_travel_time": {
    "passenger": {
      "count": 3090,
      "mean_s": 152.16343042071196,
      "std_s": 196.88139815884847,
      "median_s": 77.0,
      "p90_s": 362.0999999999999,
      "min_s": 13.0,
      "max_s": 1553.0
    },
    "bus": {
      "count": 83,
      "mean_s": 56.57831325301205,
      "std_s": 68.13366036155197,
      "median_s": 31.0,
      "p90_s": 108.3999999999999,
      "min_s": 12.0,
      "max_s": 345.0
    },
    "bicycle": {
      "count": 1518,
      "mean_s": 159.11001317523056,
      "std_s": 133.07866809662383,
      "median_s": 123.0,
      "p90_s": 232.29999999999995,
      "min_s": 56.0,
      "max_s": 1234.0
    }
  },
  "global_waiting_time": {
    "count": 4691,
    "total_s": 425394.0,
    "mean_s": 90.68301001918567,
    "median_s": 42.0,
    "p90_s": 239.0,
    "min_s": 0.0,
    "max_s": 1249.0
  },
  "per_mode_waiting_time": {
    "passenger": {
      "total_s": 324637.0,
      "count": 3090,
      "mean_s": 105.06051779935275,
      "median_s": 45.5,
      "p90_s": 275.0,
      "min_s": 0.0,
      "max_s": 1249.0
    },
    "bus": {
      "total_s": 2715.0,
      "count": 83,
      "mean_s": 32.71084337349398,
      "median_s": 7.0,
      "p90_s": 77.39999999999992,
      "min_s": 0.0,
      "max_s": 291.0
    },
    "bicycle": {
      "total_s": 98042.0,
      "count": 1518,
      "mean_s": 64.5862977602108,
      "median_s": 37.0,
      "p90_s": 122.29999999999995,
      "min_s": 0.0,
      "max_s": 1036.0
    }
  },
  "throughput": {
    "total_count": 4691,
    "total_vph": 4825.028571428571,
    "per_mode": {
      "passenger": {
        "count": 3090,
        "vph": 3178.285714285714
      },
      "bus": {
        "count": 83,
        "vph": 85.37142857142857
      },
      "bicycle": {
        "count": 1518,
        "vph": 1561.3714285714286
      }
    }
  },
  "stops": {
    "stopped_vehicles": 4208,
    "stop_rate_fraction": 0.8970368791302494,
    "per_mode": {
      "passenger": {
        "stopped_count": 2737,
        "stopped_fraction": 0.8857605177993527
      },
      "bicycle": {
        "stopped_count": 1413,
        "stopped_fraction": 0.9308300395256917
      },
      "bus": {
        "stopped_count": 58,
        "stopped_fraction": 0.6987951807228916
      }
    }
  },
  "emissions": {
    "total_co2_g": 8243918.999999986,
    "total_fuel_l": 2669833.7700000177,
    "per_mode": {
      "passenger": {
        "co2": 7275401.639999991,
        "fuel": 2358589.4700000156,
        "count": 2884
      },
      "bicycle": {
        "co2": 0.0,
        "fuel": 0.0,
        "count": 1518
      },
      "bus": {
        "co2": 968517.3600000002,
        "fuel": 311244.29999999993,
        "count": 83
      }
    }
  }
}