{
  "global_travel_time": {
    "count": 4033,
    "mean_s": 142.68708157698984,
    "std_s": 182.67219125040268,
    "median_s": 94.0,
    "p90_s": 284.8000000000002,
    "min_s": 12.0,
    "max_s": 1966.0
  },
  "per_mode_travel_time": {
    "passenger": {
      "count": 2546,
      "mean_s": 144.34446190102122,
      "std_s": 213.1988834559847,
      "median_s": 69.0,
      "p90_s": 398.0,
      "min_s": 12.0,
      "max_s": 1966.0
    },
    "bus": {
      "count": 87,
      "mean_s": 60.804597701149426,
      "std_s": 76.01267877915488,
      "median_s": 40.0,
      "p90_s": 105.20000000000002,
      "min_s": 12.0,
      "max_s": 429.0
    },
    "bicycle": {
      "count": 1400,
      "mean_s": 144.76142857142858,
      "std_s": 112.60996630958068,
      "median_s": 122.0,
      "p90_s": 211.0,
      "min_s": 60.0,
      "max_s": 1842.0
    }
  },
  "global_waiting_time": {
    "count": 4033,
    "total_s": 336962.0,
    "mean_s": 83.55120257872551,
    "median_s": 38.0,
    "p90_s": 213.0,
    "min_s": 0.0,
    "max_s": 1774.0
  },
  "per_mode_waiting_time": {
    "passenger": {
      "total_s": 258463.0,
      "count": 2546,
      "mean_s": 101.51728201099765,
      "median_s": 40.0,
      "p90_s": 303.0,
      "min_s": 0.0,
      "max_s": 1774.0
    },
    "bus": {
      "total_s": 3228.0,
      "count": 87,
      "mean_s": 37.10344827586207,
      "median_s": 14.0,
      "p90_s": 73.60000000000002,
      "min_s": 0.0,
      "max_s": 373.0
    },
    "bicycle": {
      "total_s": 75271.0,
      "count": 1400,
      "mean_s": 53.765,
      "median_s": 37.0,
      "p90_s": 99.10000000000014,
      "min_s": 0.0,
      "max_s": 1684.0
    }
  },
  "throughput": {
    "total_count": 4033,
    "total_vph": 4148.228571428572,
    "per_mode": {
      "passenger": {
        "count": 2546,
        "vph": 2618.7428571428572
      },
      "bus": {
        "count": 87,
        "vph": 89.48571428571428
      },
      "bicycle": {
        "count": 1400,
        "vph": 1440.0
      }
    }
  },
  "stops": {
    "stopped_vehicles": 3542,
    "stop_rate_fraction": 0.878254401190181,
    "per_mode": {
      "passenger": {
        "stopped_count": 2199,
        "stopped_fraction": 0.8637077769049489
      },
      "bicycle": {
        "stopped_count": 1283,
        "stopped_fraction": 0.9164285714285715
      },
      "bus": {
        "stopped_count": 60,
        "stopped_fraction": 0.6896551724137931
      }
    }
  },
  "emissions": {
    "total_co2_g": 7188248.179999993,
    "total_fuel_l": 2327392.830000011,
    "per_mode": {
      "bus": {
        "co2": 1042359.6799999999,
        "fuel": 334976.69000000006,
        "count": 87
      },
      "passenger": {
        "co2": 6145888.49999999,
        "fuel": 1992416.1400000153,
        "count": 2407
      },
      "bicycle": {
        "co2": 0.0,
        "fuel": 0.0,
        "count": 1400
      }
    }
  }
}